lowQuality_SRR1146076.9990236	AluSz	92.75	69	5	0	8	76	133	65	3e-23	 100
lowQuality_SRR1146076.9990236	AluSN4-SINE1/7SL-Primates	92.65	68	5	0	8	75	132	65	1e-22	99.0
lowQuality_SRR1146076.9990236	AluSN1-SINE1/7SL-Primates	92.65	68	5	0	8	75	133	66	1e-22	99.0
lowQuality_SRR1146076.9990236	AluSq4-SINE1/7SL-Primates	92.65	68	5	0	8	75	132	65	1e-22	99.0
lowQuality_SRR1146076.9990236	AluSq2-SINE1/7SL-Primates	92.65	68	5	0	8	75	133	66	1e-22	99.0
lowQuality_SRR1146076.9990236	AluSN	92.65	68	5	0	8	75	133	66	1e-22	99.0
lowQuality_SRR1146076.9990236	AluSq	92.65	68	5	0	8	75	133	66	1e-22	99.0
lowQuality_SRR1146076.9990236	AluSN3-SINE1/7SL-Primates	92.54	67	5	0	8	74	131	65	4e-22	97.1
lowQuality_SRR1146076.9990236	AluSg4-SINE1/7SL-Primates	92.54	67	5	0	8	74	131	65	4e-22	97.1
lowQuality_SRR1146076.9990236	AluSg1-SINE1/7SL-Primates	92.54	67	5	0	8	74	131	65	4e-22	97.1
lowQuality_SRR1146076.9990236	AluSg	92.54	67	5	0	8	74	131	65	4e-22	97.1
lowQuality_SRR1146076.9992710	MER4A1_LTR-ERV1-Primates	97.87	47	1	0	33	79	278	232	1e-17	82.4
lowQuality_SRR1146076.9992710	MER4A-ERV1-Homo	97.87	47	1	0	33	79	337	291	1e-17	82.4
lowQuality_SRR1146076.9992845	AluYh9	97.56	41	1	0	35	75	16	56	3e-14	71.3
lowQuality_SRR1146076.9993214	RPS2-Pseudogene-Homo	98.61	72	1	0	1	72	417	346	2e-31	 128
lowQuality_SRR1146076.9993349	THE1A-ERV3-Homo	100.00	29	0	0	8	36	6	34	3e-09	54.7
lowQuality_SRR1146076.9993349	THE1B-ERV3-Hominidae	100.00	29	0	0	8	36	6	34	3e-09	54.7
lowQuality_SRR1146076.9993349	THE1C-ERV3-Homo	100.00	29	0	0	8	36	6	34	3e-09	54.7
lowQuality_SRR1146076.9994750	MER11D-ERV2-Homo	95.95	74	3	0	6	79	397	324	3e-29	 121
lowQuality_SRR1146076.9994878	AluYk11-SINE1/7SL-Primates	94.64	56	3	0	18	73	1	56	3e-19	87.9
lowQuality_SRR1146076.9994878	AluYb8a1-SINE1/7SL-Homo	92.86	56	4	0	18	73	1	56	1e-17	82.4
lowQuality_SRR1146076.9994878	AluYb10-SINE1/7SL-Homo	92.86	56	4	0	18	73	1	56	1e-17	82.4
lowQuality_SRR1146076.9994878	AluYb11-SINE1/7SL-Homo	92.86	56	4	0	18	73	1	56	1e-17	82.4
lowQuality_SRR1146076.9994878	AluYk12-SINE1/7SL-Primates	92.86	56	4	0	18	73	1	56	1e-17	82.4
lowQuality_SRR1146076.9994878	AluYf5-SINE1/7SL-Primates	92.86	56	4	0	18	73	1	56	1e-17	82.4
lowQuality_SRR1146076.9994878	AluSz6-SINE1/7SL-Primates	92.86	56	4	0	18	73	1	56	1e-17	82.4
lowQuality_SRR1146076.9994878	AluSN4-SINE1/7SL-Primates	92.86	56	4	0	18	73	1	56	1e-17	82.4
lowQuality_SRR1146076.9994878	AluSN3-SINE1/7SL-Primates	92.86	56	4	0	18	73	1	56	1e-17	82.4
lowQuality_SRR1146076.9994878	AluSN1-SINE1/7SL-Primates	92.86	56	4	0	18	73	1	56	1e-17	82.4
lowQuality_SRR1146076.9994878	AluSq4-SINE1/7SL-Primates	92.86	56	4	0	18	73	1	56	1e-17	82.4
lowQuality_SRR1146076.9994878	AluSq2-SINE1/7SL-Primates	92.86	56	4	0	18	73	1	56	1e-17	82.4
lowQuality_SRR1146076.9994878	AluSq10-SINE1/7SL-Primates	92.86	56	4	0	18	73	1	56	1e-17	82.4
lowQuality_SRR1146076.9994878	AluSg7-SINE1/7SL-Primates	92.86	56	4	0	18	73	1	56	1e-17	82.4
lowQuality_SRR1146076.9994878	AluSg4-SINE1/7SL-Primates	92.86	56	4	0	18	73	1	56	1e-17	82.4
lowQuality_SRR1146076.9994878	AluSc8-SINE1/7SL-Primates	92.86	56	4	0	18	73	1	56	1e-17	82.4
lowQuality_SRR1146076.9994878	AluSc5-SINE1/7SL-Primates	92.86	56	4	0	18	73	1	56	1e-17	82.4
lowQuality_SRR1146076.9994878	AluMacYb2-SINE1/7SL-Macaca	92.86	56	4	0	18	73	1	56	1e-17	82.4
lowQuality_SRR1146076.9994878	AluJr4-SINE1/7SL-Primates	92.86	56	4	0	18	73	1	56	1e-17	82.4
lowQuality_SRR1146076.9994878	AluJr-SINE1/7SL-Primates	92.86	56	4	0	18	73	1	56	1e-17	82.4
lowQuality_SRR1146076.9994878	AluYf2	92.86	56	4	0	18	73	1	56	1e-17	82.4
lowQuality_SRR1146076.9994878	AluYe2	92.86	56	4	0	18	73	1	56	1e-17	82.4
lowQuality_SRR1146076.9994878	AluYbc3a	92.86	56	4	0	18	73	1	56	1e-17	82.4
lowQuality_SRR1146076.9994878	AluYh9	92.86	56	4	0	18	73	1	56	1e-17	82.4
lowQuality_SRR1146076.9994878	AluYf1	92.86	56	4	0	18	73	1	56	1e-17	82.4
lowQuality_SRR1146076.9994878	AluYb3a2	92.86	56	4	0	18	73	1	56	1e-17	82.4
lowQuality_SRR1146076.9994878	AluYb3a1	92.86	56	4	0	18	73	1	56	1e-17	82.4
lowQuality_SRR1146076.9994878	AluYa4	92.86	56	4	0	18	73	1	56	1e-17	82.4
lowQuality_SRR1146076.9994878	AluYa1	92.86	56	4	0	18	73	1	56	1e-17	82.4
lowQuality_SRR1146076.9994878	AluYe5	92.86	56	4	0	18	73	1	56	1e-17	82.4
lowQuality_SRR1146076.9994878	AluYd8	92.86	56	4	0	18	73	1	56	1e-17	82.4
lowQuality_SRR1146076.9994878	AluYd2	92.86	56	4	0	18	73	1	56	1e-17	82.4
lowQuality_SRR1146076.9994878	AluYc2	92.86	56	4	0	18	73	1	56	1e-17	82.4
lowQuality_SRR1146076.9994878	AluYc1	92.86	56	4	0	18	73	1	56	1e-17	82.4
lowQuality_SRR1146076.9994878	AluYb9	92.86	56	4	0	18	73	1	56	1e-17	82.4
lowQuality_SRR1146076.9994878	AluYb8	92.86	56	4	0	18	73	1	56	1e-17	82.4
lowQuality_SRR1146076.9994878	AluYa8	92.86	56	4	0	18	73	1	56	1e-17	82.4
lowQuality_SRR1146076.9994878	AluYa5	92.86	56	4	0	18	73	1	56	1e-17	82.4
lowQuality_SRR1146076.9994878	AluY	92.86	56	4	0	18	73	1	56	1e-17	82.4
lowQuality_SRR1146076.9994878	AluSz	92.86	56	4	0	18	73	1	56	1e-17	82.4
lowQuality_SRR1146076.9994878	AluSN	92.86	56	4	0	18	73	1	56	1e-17	82.4
lowQuality_SRR1146076.9994878	AluSq	92.86	56	4	0	18	73	1	56	1e-17	82.4
lowQuality_SRR1146076.9994878	AluSp	92.86	56	4	0	18	73	1	56	1e-17	82.4
lowQuality_SRR1146076.9994878	AluSg	92.86	56	4	0	18	73	1	56	1e-17	82.4
lowQuality_SRR1146076.9994878	AluSc	92.86	56	4	0	18	73	1	56	1e-17	82.4
lowQuality_SRR1146076.9994878	AluJb	92.86	56	4	0	18	73	1	56	1e-17	82.4
lowQuality_SRR1146076.9994878	AluJo	92.86	56	4	0	18	73	1	56	1e-17	82.4
lowQuality_SRR1146076.9994878	ALU-SINE1/7SL-Primates	92.86	56	4	0	18	73	1	56	1e-17	82.4
lowQuality_SRR1146076.9994878	AluYc5-SINE1/7SL-Primates	94.23	52	3	0	22	73	5	56	4e-17	80.5
lowQuality_SRR1146076.9994878	AluSg1-SINE1/7SL-Primates	94.23	52	3	0	22	73	5	56	4e-17	80.5
lowQuality_SRR1146076.9994878	FLAM_C	94.23	52	3	0	22	73	5	56	4e-17	80.5
lowQuality_SRR1146076.9994878	AluYk13-SINE1/7SL-Homo	97.78	45	1	0	29	73	12	56	2e-16	78.7
lowQuality_SRR1146076.9994878	AluYg6	91.07	56	5	0	18	73	1	56	6e-16	76.8
lowQuality_SRR1146076.9996627	L1PB2c-L1-Homo	89.87	79	8	0	1	79	827	749	1e-23	 102
